file,strategy,noise,run,final_pnl,final_risk_adj_pnl,max_abs_inventory,num_trades,avg_edge_per_trade
data/fixed_noise_0.5_run_1.csv,fixed,0.5,1,295.206913,295.046913,10,384,0.9037466145833327
data/fixed_noise_0.5_run_10.csv,fixed,0.5,10,30.477228,26.867228,21,405,0.8237375382716055
data/fixed_noise_0.5_run_11.csv,fixed,0.5,11,314.886832,299.676832,41,389,0.8845226349614393
data/fixed_noise_0.5_run_12.csv,fixed,0.5,12,473.886047,472.886047,29,380,0.889483599999999
data/fixed_noise_0.5_run_13.csv,fixed,0.5,13,654.21297,651.65297,16,396,0.8683773383838381
data/fixed_noise_0.5_run_14.csv,fixed,0.5,14,-475.227312,-483.067312,37,390,0.8771044179487177
data/fixed_noise_0.5_run_15.csv,fixed,0.5,15,1230.051512,1222.761512,31,395,0.9121432278481014
data/fixed_noise_0.5_run_16.csv,fixed,0.5,16,-278.996838,-280.686838,25,379,0.8795753456464377
data/fixed_noise_0.5_run_17.csv,fixed,0.5,17,753.148515,751.938515,17,369,0.8507816341463418
data/fixed_noise_0.5_run_18.csv,fixed,0.5,18,789.432794,789.392794,18,408,0.8817431348039225
data/fixed_noise_0.5_run_19.csv,fixed,0.5,19,29.128779,28.968779,18,398,0.9053553517587956
data/fixed_noise_0.5_run_2.csv,fixed,0.5,2,-315.065431,-330.275431,50,399,0.8956476541353389
data/fixed_noise_0.5_run_20.csv,fixed,0.5,20,1459.871462,1443.871462,44,410,0.9016531707317091
data/fixed_noise_0.5_run_21.csv,fixed,0.5,21,422.986561,422.896561,10,377,0.9236348328912458
data/fixed_noise_0.5_run_22.csv,fixed,0.5,22,825.749692,825.709692,26,374,0.8898886791443845
data/fixed_noise_0.5_run_23.csv,fixed,0.5,23,-132.457872,-132.947872,14,407,0.9021973415233416
data/fixed_noise_0.5_run_24.csv,fixed,0.5,24,448.437642,447.627642,18,441,0.8685849455782317
data/fixed_noise_0.5_run_25.csv,fixed,0.5,25,103.146776,102.786776,17,414,0.8989874806763276
data/fixed_noise_0.5_run_26.csv,fixed,0.5,26,1155.045342,1148.285342,26,434,0.8924699539170501
data/fixed_noise_0.5_run_27.csv,fixed,0.5,27,958.222782,955.332782,30,409,0.8312021687041569
data/fixed_noise_0.5_run_28.csv,fixed,0.5,28,-44.406523,-47.646523,24,384,0.8998836145833335
data/fixed_noise_0.5_run_29.csv,fixed,0.5,29,395.176774,394.926774,19,379,0.8947522585751967
data/fixed_noise_0.5_run_3.csv,fixed,0.5,3,-836.079537,-849.769537,49,399,0.8877025112781954
data/fixed_noise_0.5_run_30.csv,fixed,0.5,30,444.345323,444.185323,11,388,0.9170663891752575
data/fixed_noise_0.5_run_31.csv,fixed,0.5,31,450.512742,449.072742,17,404,0.8740477277227726
data/fixed_noise_0.5_run_32.csv,fixed,0.5,32,443.131025,442.881025,18,411,0.8243171532846733
data/fixed_noise_0.5_run_33.csv,fixed,0.5,33,1203.670422,1203.670422,26,438,0.8603648972602738
data/fixed_noise_0.5_run_34.csv,fixed,0.5,34,363.467352,363.427352,11,426,0.8826055352112684
data/fixed_noise_0.5_run_35.csv,fixed,0.5,35,242.441076,242.431076,24,409,0.8628124767726157
data/fixed_noise_0.5_run_36.csv,fixed,0.5,36,1390.014939,1387.124939,28,407,0.8790305110565113
data/fixed_noise_0.5_run_37.csv,fixed,0.5,37,278.26037,276.30037,21,366,0.8659198497267762
data/fixed_noise_0.5_run_38.csv,fixed,0.5,38,-253.330663,-255.580663,21,401,0.8760738753117202
data/fixed_noise_0.5_run_39.csv,fixed,0.5,39,240.983781,237.373781,20,413,0.8942487796610175
data/fixed_noise_0.5_run_4.csv,fixed,0.5,4,245.395897,242.505897,18,415,0.9494954843373499
data/fixed_noise_0.5_run_40.csv,fixed,0.5,40,57.29053,50.00053,36,359,0.8704812841225613
data/fixed_noise_0.5_run_41.csv,fixed,0.5,41,489.892775,488.682775,28,409,0.9196254449877752
data/fixed_noise_0.5_run_42.csv,fixed,0.5,42,222.82179,222.46179,8,414,0.9124237898550724
data/fixed_noise_0.5_run_43.csv,fixed,0.5,43,362.188475,357.778475,21,383,0.89450717232376
data/fixed_noise_0.5_run_44.csv,fixed,0.5,44,521.030172,520.990172,17,392,0.8480531811224485
data/fixed_noise_0.5_run_45.csv,fixed,0.5,45,449.412503,448.922503,13,399,0.910751796992482
data/fixed_noise_0.5_run_46.csv,fixed,0.5,46,588.100661,564.090661,55,407,0.9030671965601966
data/fixed_noise_0.5_run_47.csv,fixed,0.5,47,585.008082,584.368082,18,396,0.8730870984848486
data/fixed_noise_0.5_run_48.csv,fixed,0.5,48,1846.645216,1840.885216,33,408,0.833757485294116
data/fixed_noise_0.5_run_49.csv,fixed,0.5,49,701.796531,699.236531,20,392,0.9033257678571435
data/fixed_noise_0.5_run_5.csv,fixed,0.5,5,283.873604,283.873604,11,400,0.8959025224999999
data/fixed_noise_0.5_run_50.csv,fixed,0.5,50,642.170853,638.170853,26,410,0.8861096073170736
data/fixed_noise_0.5_run_6.csv,fixed,0.5,6,34.95814,33.74814,11,387,0.9365379870801032
data/fixed_noise_0.5_run_7.csv,fixed,0.5,7,309.392925,309.032925,17,416,0.9232060360576924
data/fixed_noise_0.5_run_8.csv,fixed,0.5,8,-316.288384,-326.528384,37,414,0.8757286497584525
data/fixed_noise_0.5_run_9.csv,fixed,0.5,9,581.165365,576.325365,30,396,0.8665147853535355
data/fixed_noise_1_run_1.csv,fixed,1.0,1,245.554217,245.064217,14,607,0.36620943986820426
data/fixed_noise_1_run_10.csv,fixed,1.0,10,27.26778,24.37778,23,617,0.2740009141004861
data/fixed_noise_1_run_11.csv,fixed,1.0,11,284.390078,261.350078,51,586,0.3812883703071674
data/fixed_noise_1_run_12.csv,fixed,1.0,12,391.870241,391.620241,24,583,0.37214381475128655
data/fixed_noise_1_run_13.csv,fixed,1.0,13,580.194179,579.704179,18,603,0.3576394179104477
data/fixed_noise_1_run_14.csv,fixed,1.0,14,-80.74851,-80.75851,16,617,0.32972470502431117
data/fixed_noise_1_run_15.csv,fixed,1.0,15,911.143854,905.853854,27,635,0.37526437480314917
data/fixed_noise_1_run_16.csv,fixed,1.0,16,-587.795876,-588.435876,23,614,0.3243668697068402
data/fixed_noise_1_run_17.csv,fixed,1.0,17,36.182857,34.222857,21,582,0.30352785738831617
data/fixed_noise_1_run_18.csv,fixed,1.0,18,681.102642,680.462642,29,640,0.3477727249999996
data/fixed_noise_1_run_19.csv,fixed,1.0,19,174.514514,174.474514,24,628,0.3749089394904458
data/fixed_noise_1_run_2.csv,fixed,1.0,2,-38.970087,-42.970087,32,618,0.3791650161812291
data/fixed_noise_1_run_20.csv,fixed,1.0,20,1021.987178,1011.747178,42,630,0.39133560952380936
data/fixed_noise_1_run_21.csv,fixed,1.0,21,-59.678944,-60.488944,14,601,0.38778126455906836
data/fixed_noise_1_run_22.csv,fixed,1.0,22,656.886507,656.876507,23,599,0.34750990150250477
data/fixed_noise_1_run_23.csv,fixed,1.0,23,-59.667146,-59.677146,15,623,0.3870666982343498
data/fixed_noise_1_run_24.csv,fixed,1.0,24,339.372526,338.732526,26,648,0.38075363117283934
data/fixed_noise_1_run_25.csv,fixed,1.0,25,380.873565,380.513565,17,632,0.3964252705696204
data/fixed_noise_1_run_26.csv,fixed,1.0,26,786.961209,785.001209,23,650,0.40653666153846146
data/fixed_noise_1_run_27.csv,fixed,1.0,27,412.852353,412.492353,12,608,0.33579189967105255
data/fixed_noise_1_run_28.csv,fixed,1.0,28,-424.887164,-449.887164,52,618,0.3536999433656961
data/fixed_noise_1_run_29.csv,fixed,1.0,29,-18.077295,-18.117295,18,600,0.36930940666666684
data/fixed_noise_1_run_3.csv,fixed,1.0,3,-1145.088357,-1162.728357,57,624,0.3614732932692305
data/fixed_noise_1_run_30.csv,fixed,1.0,30,320.944529,320.784529,20,620,0.37332630967742003
data/fixed_noise_1_run_31.csv,fixed,1.0,31,27.649863,27.489863,12,604,0.3763195993377484
data/fixed_noise_1_run_32.csv,fixed,1.0,32,471.643142,471.483142,20,620,0.30454312741935474
data/fixed_noise_1_run_33.csv,fixed,1.0,33,1527.922718,1525.962718,27,624,0.3955246858974361
data/fixed_noise_1_run_34.csv,fixed,1.0,34,377.956819,373.956819,27,656,0.37337532469512236
data/fixed_noise_1_run_35.csv,fixed,1.0,35,635.228667,633.538667,28,641,0.3212801716068645
data/fixed_noise_1_run_36.csv,fixed,1.0,36,1086.954258,1081.664258,33,605,0.3785996512396693
data/fixed_noise_1_run_37.csv,fixed,1.0,37,-301.644432,-302.004432,26,586,0.3091428924914673
data/fixed_noise_1_run_38.csv,fixed,1.0,38,-570.914298,-574.914298,42,606,0.3591551105610564
data/fixed_noise_1_run_39.csv,fixed,1.0,39,-195.718439,-206.608439,35,629,0.3873536009538952
data/fixed_noise_1_run_4.csv,fixed,1.0,4,200.925991,200.565991,20,634,0.4608426545741316
data/fixed_noise_1_run_40.csv,fixed,1.0,40,-307.793803,-318.683803,47,587,0.292980940374787
data/fixed_noise_1_run_41.csv,fixed,1.0,41,413.62674,407.86674,41,634,0.4116434826498421
data/fixed_noise_1_run_42.csv,fixed,1.0,42,1315.620256,1309.860256,28,604,0.45326392549668837
data/fixed_noise_1_run_43.csv,fixed,1.0,43,476.998469,467.998469,30,612,0.3401552467320262
data/fixed_noise_1_run_44.csv,fixed,1.0,44,-1309.667617,-1314.957617,23,597,0.3289024405360137
data/fixed_noise_1_run_45.csv,fixed,1.0,45,315.375332,314.375332,22,618,0.38606840453074387
data/fixed_noise_1_run_46.csv,fixed,1.0,46,503.785504,462.825504,68,624,0.39864890064102554
data/fixed_noise_1_run_47.csv,fixed,1.0,47,387.714067,385.154067,16,622,0.331692892282958
data/fixed_noise_1_run_48.csv,fixed,1.0,48,1827.972766,1820.682766,33,629,0.2967594833068364
data/fixed_noise_1_run_49.csv,fixed,1.0,49,649.588627,645.588627,26,642,0.3428076978193144
data/fixed_noise_1_run_5.csv,fixed,1.0,5,169.870791,163.110791,34,598,0.4039226806020067
data/fixed_noise_1_run_50.csv,fixed,1.0,50,245.685513,243.125513,26,616,0.40303681006493497
data/fixed_noise_1_run_6.csv,fixed,1.0,6,485.629912,482.389912,19,616,0.4050025795454548
data/fixed_noise_1_run_7.csv,fixed,1.0,7,261.47917,256.63917,28,618,0.43887966828478975
data/fixed_noise_1_run_8.csv,fixed,1.0,8,341.630376,341.620376,21,609,0.38995779638752054
data/fixed_noise_1_run_9.csv,fixed,1.0,9,507.328606,499.488606,34,620,0.32407779193548425
data/fixed_noise_2_run_1.csv,fixed,2.0,1,-44.697861,-48.697861,30,862,-0.3348652273781905
data/fixed_noise_2_run_10.csv,fixed,2.0,10,-14.468348,-14.468348,28,864,-0.4521492499999994
data/fixed_noise_2_run_11.csv,fixed,2.0,11,69.906455,55.466455,38,834,-0.30186206834532375
data/fixed_noise_2_run_12.csv,fixed,2.0,12,37.155801,36.155801,32,850,-0.3256849329411762
data/fixed_noise_2_run_13.csv,fixed,2.0,13,399.317581,395.317581,42,818,-0.3181405782396091
data/fixed_noise_2_run_14.csv,fixed,2.0,14,-697.661799,-698.021799,27,856,-0.38109879439252325
data/fixed_noise_2_run_15.csv,fixed,2.0,15,-76.833589,-79.393589,24,898,-0.3112808129175944
data/fixed_noise_2_run_16.csv,fixed,2.0,16,-1681.850511,-1704.890511,59,850,-0.37836487647058836
data/fixed_noise_2_run_17.csv,fixed,2.0,17,-336.429594,-336.679594,16,833,-0.4153269303721486
data/fixed_noise_2_run_18.csv,fixed,2.0,18,183.251899,182.441899,29,869,-0.3596312013808978
data/fixed_noise_2_run_19.csv,fixed,2.0,19,-133.274736,-133.274736,29,880,-0.31766499545454524
data/fixed_noise_2_run_2.csv,fixed,2.0,2,-10.432173,-10.792173,28,846,-0.3088747033096925
data/fixed_noise_2_run_20.csv,fixed,2.0,20,-373.693099,-374.333099,19,852,-0.2790094377934272
data/fixed_noise_2_run_21.csv,fixed,2.0,21,-85.80844,-85.96844,16,848,-0.2926583844339625
data/fixed_noise_2_run_22.csv,fixed,2.0,22,305.400381,301.400381,28,838,-0.36368895823389036
data/fixed_noise_2_run_23.csv,fixed,2.0,23,-1532.584564,-1533.794564,25,875,-0.2928841782857145
data/fixed_noise_2_run_24.csv,fixed,2.0,24,245.918038,240.628038,37,859,-0.2935348894062867
data/fixed_noise_2_run_25.csv,fixed,2.0,25,-584.094812,-588.504812,35,895,-0.2843918446927374
data/fixed_noise_2_run_26.csv,fixed,2.0,26,-207.218256,-207.258256,18,890,-0.2650976629213481
data/fixed_noise_2_run_27.csv,fixed,2.0,27,-85.544738,-85.904738,17,856,-0.36679709929906557
data/fixed_noise_2_run_28.csv,fixed,2.0,28,-1085.904789,-1116.154789,57,877,-0.33853448004560954
data/fixed_noise_2_run_29.csv,fixed,2.0,29,-1277.982173,-1278.982173,31,840,-0.31926887142857163
data/fixed_noise_2_run_3.csv,fixed,2.0,3,-2169.040002,-2205.040002,75,856,-0.32827718925233595
data/fixed_noise_2_run_30.csv,fixed,2.0,30,-93.586993,-93.946993,24,870,-0.30885173793103454
data/fixed_noise_2_run_31.csv,fixed,2.0,31,-535.684106,-537.934106,21,873,-0.311314092783505
data/fixed_noise_2_run_32.csv,fixed,2.0,32,107.318354,103.318354,36,858,-0.41195992540792586
data/fixed_noise_2_run_33.csv,fixed,2.0,33,810.101361,806.861361,31,870,-0.28132240574712636
data/fixed_noise_2_run_34.csv,fixed,2.0,34,-173.242521,-187.682521,41,864,-0.2981768310185183
data/fixed_noise_2_run_35.csv,fixed,2.0,35,130.665532,129.855532,32,895,-0.3806760949720668
data/fixed_noise_2_run_36.csv,fixed,2.0,36,78.671181,75.061181,25,837,-0.3057959892473118
data/fixed_noise_2_run_37.csv,fixed,2.0,37,-436.986066,-437.346066,16,806,-0.4139978399503719
data/fixed_noise_2_run_38.csv,fixed,2.0,38,-655.969957,-657.179957,41,837,-0.3359605890083627
data/fixed_noise_2_run_39.csv,fixed,2.0,39,-792.700815,-797.990815,26,887,-0.30093151634723836
data/fixed_noise_2_run_4.csv,fixed,2.0,4,59.13171,55.13171,25,870,-0.18153128275862074
data/fixed_noise_2_run_40.csv,fixed,2.0,40,-899.213772,-919.463772,57,835,-0.4294388131736532
data/fixed_noise_2_run_41.csv,fixed,2.0,41,30.060419,14.060419,54,882,-0.26153985374149663
data/fixed_noise_2_run_42.csv,fixed,2.0,42,1389.833456,1376.873456,47,826,-0.19588007627118653
data/fixed_noise_2_run_43.csv,fixed,2.0,43,-190.281473,-198.691473,29,855,-0.3550766233918125
data/fixed_noise_2_run_44.csv,fixed,2.0,44,-2743.114427,-2751.524427,40,817,-0.38909825458996344
data/fixed_noise_2_run_45.csv,fixed,2.0,45,85.649964,85.009964,17,876,-0.2951032340182649
data/fixed_noise_2_run_46.csv,fixed,2.0,46,-48.560956,-63.770956,46,863,-0.27830606257242163
data/fixed_noise_2_run_47.csv,fixed,2.0,47,-81.809984,-87.099984,24,863,-0.378562390498262
data/fixed_noise_2_run_48.csv,fixed,2.0,48,192.123467,191.483467,21,866,-0.4313233083140868
data/fixed_noise_2_run_49.csv,fixed,2.0,49,286.934402,280.174402,40,886,-0.3615320000000002
data/fixed_noise_2_run_5.csv,fixed,2.0,5,-421.599063,-428.889063,31,837,-0.2737475555555555
data/fixed_noise_2_run_50.csv,fixed,2.0,50,-326.006108,-330.416108,22,859,-0.2764987101280561
data/fixed_noise_2_run_6.csv,fixed,2.0,6,55.685405,49.925405,27,864,-0.2643258182870369
data/fixed_noise_2_run_7.csv,fixed,2.0,7,38.179906,36.219906,23,846,-0.2270789574468084
data/fixed_noise_2_run_8.csv,fixed,2.0,8,-717.932541,-727.542541,38,849,-0.29193911189634847
data/fixed_noise_2_run_9.csv,fixed,2.0,9,-12.070651,-23.630651,41,868,-0.3778648398617508
data/fixed_noise_4_run_1.csv,fixed,4.0,1,-1615.988985,-1621.748985,39,994,-1.5218300995975858
data/fixed_noise_4_run_10.csv,fixed,4.0,10,-865.356481,-865.516481,36,1016,-1.6914825797244106
data/fixed_noise_4_run_11.csv,fixed,4.0,11,-876.597622,-882.847622,27,981,-1.4467523557594302
data/fixed_noise_4_run_12.csv,fixed,4.0,12,-1174.565122,-1174.925122,20,1000,-1.479809357000001
data/fixed_noise_4_run_13.csv,fixed,4.0,13,-909.760826,-927.400826,57,960,-1.472689929166665
data/fixed_noise_4_run_14.csv,fixed,4.0,14,-1399.210846,-1401.770846,33,980,-1.5997274153061232
data/fixed_noise_4_run_15.csv,fixed,4.0,15,-536.294609,-544.704609,40,1031,-1.4759022570320066
data/fixed_noise_4_run_16.csv,fixed,4.0,16,-2868.514405,-2891.554405,59,1008,-1.5613576666666686
data/fixed_noise_4_run_17.csv,fixed,4.0,17,-2181.956039,-2185.956039,32,1016,-1.583816559055118
data/fixed_noise_4_run_18.csv,fixed,4.0,18,-1087.606661,-1096.016661,44,1023,-1.531083789833822
data/fixed_noise_4_run_19.csv,fixed,4.0,19,-1185.818202,-1187.258202,39,1028,-1.4671945243190674
data/fixed_noise_4_run_2.csv,fixed,4.0,2,-1076.515573,-1076.675573,32,992,-1.447880808467741
data/fixed_noise_4_run_20.csv,fixed,4.0,20,-2283.907275,-2284.717275,36,989,-1.413626665318502
data/fixed_noise_4_run_21.csv,fixed,4.0,21,-1968.707937,-1971.267937,22,978,-1.4441030040899814
data/fixed_noise_4_run_22.csv,fixed,4.0,22,-1177.694173,-1190.654173,37,996,-1.529883136546184
data/fixed_noise_4_run_23.csv,fixed,4.0,23,-1695.503821,-1695.993821,18,1025,-1.424720509268292
data/fixed_noise_4_run_24.csv,fixed,4.0,24,-12.927308,-46.567308,66,998,-1.4359256943887755
data/fixed_noise_4_run_25.csv,fixed,4.0,25,-1595.668282,-1597.358282,33,1037,-1.423467372227581
data/fixed_noise_4_run_26.csv,fixed,4.0,26,-1096.08205,-1096.72205,25,1024,-1.3933861152343738
data/fixed_noise_4_run_27.csv,fixed,4.0,27,-1306.389629,-1307.829629,22,998,-1.556733887775553
data/fixed_noise_4_run_28.csv,fixed,4.0,28,-2518.664484,-2563.554484,69,1029,-1.5075120602526715
data/fixed_noise_4_run_29.csv,fixed,4.0,29,-2640.800637,-2641.610637,36,989,-1.466061065722952
data/fixed_noise_4_run_3.csv,fixed,4.0,3,-3661.005166,-3707.245166,86,1002,-1.48537107684631
data/fixed_noise_4_run_30.csv,fixed,4.0,30,-1301.087307,-1309.497307,33,1009,-1.4685227552031705
data/fixed_noise_4_run_31.csv,fixed,4.0,31,-2202.653321,-2211.063321,36,1015,-1.4654580926108378
data/fixed_noise_4_run_32.csv,fixed,4.0,32,-1179.261298,-1185.021298,40,1010,-1.6244800396039594
data/fixed_noise_4_run_33.csv,fixed,4.0,33,-1185.262139,-1189.672139,30,1025,-1.4012564936585354
data/fixed_noise_4_run_34.csv,fixed,4.0,34,-1287.677253,-1326.117253,64,1022,-1.4199395675146766
data/fixed_noise_4_run_35.csv,fixed,4.0,35,-1149.279008,-1154.569008,44,1039,-1.5828067632338771
data/fixed_noise_4_run_36.csv,fixed,4.0,36,-783.352777,-786.962777,24,1003,-1.4279307577268212
data/fixed_noise_4_run_37.csv,fixed,4.0,37,-1832.795604,-1832.885604,19,951,-1.6320087507886445
data/fixed_noise_4_run_38.csv,fixed,4.0,38,-1590.84955,-1591.20955,45,994,-1.480017961770625
data/fixed_noise_4_run_39.csv,fixed,4.0,39,-1760.471566,-1761.681566,19,1025,-1.4525203775609736
data/fixed_noise_4_run_4.csv,fixed,4.0,4,-1168.300271,-1169.110271,15,1029,-1.230543319727892
data/fixed_noise_4_run_40.csv,fixed,4.0,40,-2205.192559,-2223.682559,60,1015,-1.6179870896551716
data/fixed_noise_4_run_41.csv,fixed,4.0,41,-1221.876743,-1234.836743,53,1034,-1.3732629235976794
data/fixed_noise_4_run_42.csv,fixed,4.0,42,211.340786,205.580786,48,988,-1.2412966801619427
data/fixed_noise_4_run_43.csv,fixed,4.0,43,-1817.180833,-1821.590833,23,1001,-1.5396126353646329
data/fixed_noise_4_run_44.csv,fixed,4.0,44,-4459.224651,-4468.224651,48,992,-1.5532893316532264
data/fixed_noise_4_run_45.csv,fixed,4.0,45,-822.311146,-822.671146,30,1034,-1.4210695357833647
data/fixed_noise_4_run_46.csv,fixed,4.0,46,-1238.754417,-1244.044417,32,1009,-1.4055929920713568
data/fixed_noise_4_run_47.csv,fixed,4.0,47,-1300.800055,-1303.690055,19,1009,-1.5755752408325068
data/fixed_noise_4_run_48.csv,fixed,4.0,48,-401.517645,-404.757645,30,996,-1.6880921204819308
data/fixed_noise_4_run_49.csv,fixed,4.0,49,-811.888731,-820.298731,44,1035,-1.5482336280193236
data/fixed_noise_4_run_5.csv,fixed,4.0,5,-1529.035555,-1529.195555,30,994,-1.3806885553319936
data/fixed_noise_4_run_50.csv,fixed,4.0,50,-1490.143845,-1496.393845,28,991,-1.412256122098889
data/fixed_noise_4_run_6.csv,fixed,4.0,6,-1290.659479,-1299.069479,32,1017,-1.368116975417896
data/fixed_noise_4_run_7.csv,fixed,4.0,7,-1071.508304,-1071.758304,22,979,-1.3225614228804914
data/fixed_noise_4_run_8.csv,fixed,4.0,8,-2418.75634,-2432.44634,46,1007,-1.4090981717974178
data/fixed_noise_4_run_9.csv,fixed,4.0,9,-1201.47548,-1223.56548,53,1013,-1.575499940769991
data/skew_noise_0.5_run_1.csv,skew,0.5,1,257.454189,257.364189,10,385,0.8967489844155839
data/skew_noise_0.5_run_10.csv,skew,0.5,10,-276.112783,-279.722783,23,409,0.8170075941320298
data/skew_noise_0.5_run_11.csv,skew,0.5,11,341.763436,338.153436,25,391,0.8838326470588239
data/skew_noise_0.5_run_12.csv,skew,0.5,12,525.822691,525.572691,16,377,0.8937084509283817
data/skew_noise_0.5_run_13.csv,skew,0.5,13,642.476067,640.516067,14,396,0.8662062727272727
data/skew_noise_0.5_run_14.csv,skew,0.5,14,-160.106712,-161.106712,26,402,0.8499162189054733
data/skew_noise_0.5_run_15.csv,skew,0.5,15,869.314806,867.354806,20,402,0.8969981592039802
data/skew_noise_0.5_run_16.csv,skew,0.5,16,-116.625303,-116.665303,17,382,0.8695722696335084
data/skew_noise_0.5_run_17.csv,skew,0.5,17,601.030891,600.670891,13,372,0.8404884489247308
data/skew_noise_0.5_run_18.csv,skew,0.5,18,813.73355,812.73355,16,406,0.8838341576354682
data/skew_noise_0.5_run_19.csv,skew,0.5,19,-30.189054,-30.229054,15,400,0.8970346324999994
data/skew_noise_0.5_run_2.csv,skew,0.5,2,-191.747453,-193.997453,30,413,0.8691546101694912
data/skew_noise_0.5_run_20.csv,skew,0.5,20,934.578607,930.578607,27,416,0.8929380552884623
data/skew_noise_0.5_run_21.csv,skew,0.5,21,403.865088,403.825088,10,376,0.9212857632978718
data/skew_noise_0.5_run_22.csv,skew,0.5,22,608.257112,607.617112,19,376,0.8822341196808505
data/skew_noise_0.5_run_23.csv,skew,0.5,23,49.462715,49.212715,14,407,0.8982340098280097
data/skew_noise_0.5_run_24.csv,skew,0.5,24,197.310746,197.310746,12,444,0.8582752274774782
data/skew_noise_0.5_run_25.csv,skew,0.5,25,229.993234,229.983234,16,419,0.8842208257756566
data/skew_noise_0.5_run_26.csv,skew,0.5,26,956.116235,953.866235,19,433,0.8935068614318712
data/skew_noise_0.5_run_27.csv,skew,0.5,27,952.503838,952.013838,21,409,0.8286425672371637
data/skew_noise_0.5_run_28.csv,skew,0.5,28,224.894327,224.534327,14,382,0.9010228350785338
data/skew_noise_0.5_run_29.csv,skew,0.5,29,631.061213,630.251213,14,381,0.8879385800524932
data/skew_noise_0.5_run_3.csv,skew,0.5,3,-464.912593,-466.122593,35,413,0.8614217433414048
data/skew_noise_0.5_run_30.csv,skew,0.5,30,513.896421,513.646421,12,385,0.9196733116883119
data/skew_noise_0.5_run_31.csv,skew,0.5,31,365.422643,364.612643,16,409,0.8616688728606366
data/skew_noise_0.5_run_32.csv,skew,0.5,32,465.777872,465.777872,14,414,0.8141104299516911
data/skew_noise_0.5_run_33.csv,skew,0.5,33,1331.863935,1331.373935,20,441,0.8531526848072564
data/skew_noise_0.5_run_34.csv,skew,0.5,34,392.631798,392.631798,11,426,0.8780825422535214
data/skew_noise_0.5_run_35.csv,skew,0.5,35,132.84686,132.83686,20,409,0.8594153618581912
data/skew_noise_0.5_run_36.csv,skew,0.5,36,1213.584637,1213.574637,24,417,0.8559353788968824
data/skew_noise_0.5_run_37.csv,skew,0.5,37,394.55832,394.19832,14,364,0.8669860934065933
data/skew_noise_0.5_run_38.csv,skew,0.5,38,109.11151,108.62151,19,407,0.8602451179361192
data/skew_noise_0.5_run_39.csv,skew,0.5,39,152.136086,149.246086,18,411,0.8981499002433089
data/skew_noise_0.5_run_4.csv,skew,0.5,4,265.95244,263.39244,17,418,0.9411182535885168
data/skew_noise_0.5_run_40.csv,skew,0.5,40,211.77898,211.28898,21,373,0.8368773967828413
data/skew_noise_0.5_run_41.csv,skew,0.5,41,588.709648,588.669648,18,414,0.9053352898550725
data/skew_noise_0.5_run_42.csv,skew,0.5,42,264.671206,264.421206,7,415,0.9057149108433725
data/skew_noise_0.5_run_43.csv,skew,0.5,43,292.66265,290.70265,15,382,0.8954147748691098
data/skew_noise_0.5_run_44.csv,skew,0.5,44,297.393723,296.903723,17,387,0.8555707958656337
data/skew_noise_0.5_run_45.csv,skew,0.5,45,410.78306,409.57306,19,397,0.9128176977329969
data/skew_noise_0.5_run_46.csv,skew,0.5,46,515.188401,508.938401,33,415,0.8957973590361447
data/skew_noise_0.5_run_47.csv,skew,0.5,47,483.491012,483.481012,12,397,0.8665716624685139
data/skew_noise_0.5_run_48.csv,skew,0.5,48,1185.773266,1184.773266,19,414,0.8206240748792265
data/skew_noise_0.5_run_49.csv,skew,0.5,49,550.109442,549.949442,13,398,0.8858887035175876
data/skew_noise_0.5_run_5.csv,skew,0.5,5,411.640856,411.630856,14,401,0.8892188129675801
data/skew_noise_0.5_run_50.csv,skew,0.5,50,499.423409,498.613409,21,409,0.8851311100244506
data/skew_noise_0.5_run_6.csv,skew,0.5,6,43.169057,42.169057,11,390,0.9258239230769227
data/skew_noise_0.5_run_7.csv,skew,0.5,7,312.595948,312.505948,14,417,0.9166131318944838
data/skew_noise_0.5_run_8.csv,skew,0.5,8,262.494768,261.284768,23,411,0.8819190097323607
data/skew_noise_0.5_run_9.csv,skew,0.5,9,407.647159,406.437159,19,395,0.8661709848101261
data/skew_noise_1_run_1.csv,skew,1.0,1,227.172628,227.162628,10,609,0.3604606239737272
data/skew_noise_1_run_10.csv,skew,1.0,10,-255.655181,-256.865181,20,627,0.26814422009569383
data/skew_noise_1_run_11.csv,skew,1.0,11,222.122786,219.562786,27,590,0.3792007610169494
data/skew_noise_1_run_12.csv,skew,1.0,12,412.09514,411.73514,20,582,0.36935867525773197
data/skew_noise_1_run_13.csv,skew,1.0,13,491.595294,489.905294,15,605,0.3533450132231406
data/skew_noise_1_run_14.csv,skew,1.0,14,-105.380757,-105.420757,23,622,0.32343733601286206
data/skew_noise_1_run_15.csv,skew,1.0,15,732.006223,730.316223,18,641,0.3701177051482058
data/skew_noise_1_run_16.csv,skew,1.0,16,-265.163336,-265.413336,16,615,0.3196230813008129
data/skew_noise_1_run_17.csv,skew,1.0,17,180.528266,180.368266,13,580,0.30091474482758623
data/skew_noise_1_run_18.csv,skew,1.0,18,571.152231,570.792231,17,638,0.3452529294670846
data/skew_noise_1_run_19.csv,skew,1.0,19,-83.245714,-83.885714,24,634,0.3699230536277604
data/skew_noise_1_run_2.csv,skew,1.0,2,-114.065042,-114.075042,19,621,0.37407578743961367
data/skew_noise_1_run_20.csv,skew,1.0,20,566.917043,566.277043,21,630,0.38886229682539675
data/skew_noise_1_run_21.csv,skew,1.0,21,72.635019,72.145019,11,601,0.3834303477537438
data/skew_noise_1_run_22.csv,skew,1.0,22,237.343246,236.853246,15,607,0.33997249588138356
data/skew_noise_1_run_23.csv,skew,1.0,23,-275.985075,-276.235075,14,623,0.3828719341894062
data/skew_noise_1_run_24.csv,skew,1.0,24,-25.552082,-25.712082,15,642,0.38032999221183783
data/skew_noise_1_run_25.csv,skew,1.0,25,376.841053,376.481053,15,634,0.3910123769716087
data/skew_noise_1_run_26.csv,skew,1.0,26,282.4453,282.4353,15,659,0.3968477617602425
data/skew_noise_1_run_27.csv,skew,1.0,27,577.295848,576.935848,12,618,0.32660048058252444
data/skew_noise_1_run_28.csv,skew,1.0,28,644.476087,643.836087,24,622,0.3519190739549845
data/skew_noise_1_run_29.csv,skew,1.0,29,165.876083,164.876083,14,604,0.3638327649006619
data/skew_noise_1_run_3.csv,skew,1.0,3,-427.201288,-427.201288,29,616,0.36551210876623436
data/skew_noise_1_run_30.csv,skew,1.0,30,504.779378,504.289378,13,615,0.3729794390243902
data/skew_noise_1_run_31.csv,skew,1.0,31,42.66845,42.66845,13,594,0.3784661380471379
data/skew_noise_1_run_32.csv,skew,1.0,32,501.163144,501.153144,14,625,0.2979110351999999
data/skew_noise_1_run_33.csv,skew,1.0,33,1299.152207,1298.902207,22,619,0.3970466074313411
data/skew_noise_1_run_34.csv,skew,1.0,34,405.652754,405.402754,18,647,0.3748482612055639
data/skew_noise_1_run_35.csv,skew,1.0,35,90.868815,90.828815,18,638,0.32029219905956097
data/skew_noise_1_run_36.csv,skew,1.0,36,816.944377,816.904377,21,610,0.37295503934426244
data/skew_noise_1_run_37.csv,skew,1.0,37,-13.313163,-14.123163,15,591,0.3037843096446697
data/skew_noise_1_run_38.csv,skew,1.0,38,641.181463,641.171463,28,613,0.35380532463295233
data/skew_noise_1_run_39.csv,skew,1.0,39,-97.681746,-100.571746,19,631,0.38489867828843066
data/skew_noise_1_run_4.csv,skew,1.0,4,223.273688,222.063688,13,633,0.45802466508688794
data/skew_noise_1_run_40.csv,skew,1.0,40,0.083967,0.083967,23,592,0.29004195945945954
data/skew_noise_1_run_41.csv,skew,1.0,41,582.393559,582.383559,25,635,0.40907022519685066
data/skew_noise_1_run_42.csv,skew,1.0,42,495.278916,495.268916,17,605,0.4494246132231396
data/skew_noise_1_run_43.csv,skew,1.0,43,30.498103,29.498103,16,612,0.33771129738562117
data/skew_noise_1_run_44.csv,skew,1.0,44,-409.375313,-410.185313,18,603,0.3230370580431177
data/skew_noise_1_run_45.csv,skew,1.0,45,321.040519,320.880519,17,622,0.37994230707395515
data/skew_noise_1_run_46.csv,skew,1.0,46,448.661749,447.851749,23,639,0.3899288247261344
data/skew_noise_1_run_47.csv,skew,1.0,47,306.501594,306.411594,10,619,0.3289931631663974
data/skew_noise_1_run_48.csv,skew,1.0,48,637.475095,637.315095,20,638,0.28996748902821345
data/skew_noise_1_run_49.csv,skew,1.0,49,305.78586,305.74586,15,644,0.33793110403726706
data/skew_noise_1_run_5.csv,skew,1.0,5,116.89606,115.45606,23,602,0.3988132558139535
data/skew_noise_1_run_50.csv,skew,1.0,50,-43.051085,-43.211085,19,616,0.39951220779220764
data/skew_noise_1_run_6.csv,skew,1.0,6,303.465309,302.825309,11,616,0.40119103409090895
data/skew_noise_1_run_7.csv,skew,1.0,7,471.210565,470.720565,15,623,0.432249017656501
data/skew_noise_1_run_8.csv,skew,1.0,8,566.911048,566.911048,14,612,0.3841485767973859
data/skew_noise_1_run_9.csv,skew,1.0,9,258.128268,257.638268,18,621,0.3208086682769729
data/skew_noise_2_run_1.csv,skew,2.0,1,-232.554972,-232.594972,18,862,-0.33919910788863084
data/skew_noise_2_run_10.csv,skew,2.0,10,-917.039977,-918.039977,24,866,-0.45369238568129355
data/skew_noise_2_run_11.csv,skew,2.0,11,133.285491,129.675491,23,839,-0.30017163289630505
data/skew_noise_2_run_12.csv,skew,2.0,12,95.869668,95.859668,23,851,-0.3296132867215041
data/skew_noise_2_run_13.csv,skew,2.0,13,170.088849,169.728849,21,824,-0.3192589720873789
data/skew_noise_2_run_14.csv,skew,2.0,14,-540.958054,-541.048054,24,857,-0.3844012963827308
data/skew_noise_2_run_15.csv,skew,2.0,15,210.502058,207.942058,25,898,-0.31352854231625826
data/skew_noise_2_run_16.csv,skew,2.0,16,-986.770896,-987.410896,27,850,-0.37920551647058814
data/skew_noise_2_run_17.csv,skew,2.0,17,-270.691768,-270.701768,14,831,-0.42097514199759284
data/skew_noise_2_run_18.csv,skew,2.0,18,111.899322,111.889322,24,869,-0.3638682727272728
data/skew_noise_2_run_19.csv,skew,2.0,19,-284.194494,-284.284494,24,883,-0.31914408380520987
data/skew_noise_2_run_2.csv,skew,2.0,2,-184.220657,-184.860657,24,844,-0.31263287085308017
data/skew_noise_2_run_20.csv,skew,2.0,20,-171.54472,-172.75472,22,851,-0.28292870035252665
data/skew_noise_2_run_21.csv,skew,2.0,21,-457.194266,-457.834266,12,850,-0.2961076858823531
data/skew_noise_2_run_22.csv,skew,2.0,22,20.581743,16.581743,24,842,-0.36298550237529703
data/skew_noise_2_run_23.csv,skew,2.0,23,-781.58998,-781.59998,22,879,-0.2946096200227531
data/skew_noise_2_run_24.csv,skew,2.0,24,-315.241293,-315.251293,20,857,-0.2972226627771298
data/skew_noise_2_run_25.csv,skew,2.0,25,-152.425728,-152.465728,22,894,-0.2881630704697988
data/skew_noise_2_run_26.csv,skew,2.0,26,-260.853539,-260.853539,17,890,-0.2698203382022473
data/skew_noise_2_run_27.csv,skew,2.0,27,-227.011237,-227.051237,15,858,-0.37029051631701654
data/skew_noise_2_run_28.csv,skew,2.0,28,-106.820979,-108.780979,35,882,-0.33720874716553256
data/skew_noise_2_run_29.csv,skew,2.0,29,-725.568825,-726.208825,20,842,-0.3214413206650833
data/skew_noise_2_run_3.csv,skew,2.0,3,-1377.338172,-1379.298172,44,860,-0.3240963209302324
data/skew_noise_2_run_30.csv,skew,2.0,30,262.86511,261.17511,21,873,-0.31046324627720506
data/skew_noise_2_run_31.csv,skew,2.0,31,-531.939983,-532.099983,16,872,-0.31604489908256833
data/skew_noise_2_run_32.csv,skew,2.0,32,77.86303,77.77303,28,853,-0.4180970597889808
data/skew_noise_2_run_33.csv,skew,2.0,33,916.038649,912.038649,36,870,-0.28196438505747073
data/skew_noise_2_run_34.csv,skew,2.0,34,-81.799617,-84.689617,25,859,-0.3018218172293363
data/skew_noise_2_run_35.csv,skew,2.0,35,-382.381328,-382.391328,29,891,-0.3845471459034793
data/skew_noise_2_run_36.csv,skew,2.0,36,-16.318324,-16.808324,18,839,-0.30886579618593557
data/skew_noise_2_run_37.csv,skew,2.0,37,-445.427433,-445.917433,14,815,-0.4135280895705523
data/skew_noise_2_run_38.csv,skew,2.0,38,525.155644,524.665644,32,841,-0.33665343519619473
data/skew_noise_2_run_39.csv,skew,2.0,39,-626.061574,-627.061574,21,900,-0.3002425722222224
data/skew_noise_2_run_4.csv,skew,2.0,4,5.282024,4.472024,16,869,-0.18530545569620266
data/skew_noise_2_run_40.csv,skew,2.0,40,-503.770436,-503.860436,31,839,-0.4277058879618587
data/skew_noise_2_run_41.csv,skew,2.0,41,394.793018,394.543018,31,879,-0.2634883890784982
data/skew_noise_2_run_42.csv,skew,2.0,42,324.773174,324.133174,22,824,-0.19809159101941765
data/skew_noise_2_run_43.csv,skew,2.0,43,-465.722591,-467.972591,23,861,-0.3554713298490129
data/skew_noise_2_run_44.csv,skew,2.0,44,-1407.054826,-1409.014826,31,818,-0.39032867970660107
data/skew_noise_2_run_45.csv,skew,2.0,45,20.537152,20.287152,14,875,-0.29970209600000025
data/skew_noise_2_run_46.csv,skew,2.0,46,-150.379779,-150.739779,27,870,-0.27837465057471267
data/skew_noise_2_run_47.csv,skew,2.0,47,-196.003629,-197.213629,15,865,-0.3809230046242771
data/skew_noise_2_run_48.csv,skew,2.0,48,12.714437,12.464437,18,867,-0.4353990288350638
data/skew_noise_2_run_49.csv,skew,2.0,49,-99.765759,-99.855759,22,889,-0.36296603824521906
data/skew_noise_2_run_5.csv,skew,2.0,5,-206.400202,-209.640202,31,840,-0.2734556535714287
data/skew_noise_2_run_50.csv,skew,2.0,50,-491.695655,-492.505655,17,867,-0.27762902883506363
data/skew_noise_2_run_6.csv,skew,2.0,6,-170.059129,-171.269129,16,863,-0.26801104750869065
data/skew_noise_2_run_7.csv,skew,2.0,7,-18.300975,-19.110975,18,845,-0.23081390769230795
data/skew_noise_2_run_8.csv,skew,2.0,8,-483.528262,-486.768262,25,842,-0.29671102375296887
data/skew_noise_2_run_9.csv,skew,2.0,9,-354.842254,-356.052254,22,861,-0.38404424390243874
data/skew_noise_4_run_1.csv,skew,4.0,1,-1736.739451,-1738.699451,32,998,-1.5188396893787586
data/skew_noise_4_run_10.csv,skew,4.0,10,-1646.725074,-1647.215074,24,1017,-1.6929918997050135
data/skew_noise_4_run_11.csv,skew,4.0,11,-821.48899,-826.32899,27,992,-1.4315952278225823
data/skew_noise_4_run_12.csv,skew,4.0,12,-1097.605204,-1097.615204,19,997,-1.4885182898696108
data/skew_noise_4_run_13.csv,skew,4.0,13,-955.123777,-956.123777,33,962,-1.4716748638253636
data/skew_noise_4_run_14.csv,skew,4.0,14,-1623.674641,-1623.924641,27,977,-1.608835987717501
data/skew_noise_4_run_15.csv,skew,4.0,15,-374.611477,-382.451477,39,1030,-1.4777133650485434
data/skew_noise_4_run_16.csv,skew,4.0,16,-2498.20046,-2501.44046,37,1016,-1.5492646496063005
data/skew_noise_4_run_17.csv,skew,4.0,17,-1909.752455,-1910.962455,28,1011,-1.595523601384766
data/skew_noise_4_run_18.csv,skew,4.0,18,-1086.831977,-1088.521977,34,1025,-1.5305608097560988
data/skew_noise_4_run_19.csv,skew,4.0,19,-1380.082078,-1380.332078,28,1027,-1.471574393378771
data/skew_noise_4_run_2.csv,skew,4.0,2,-1448.490393,-1449.130393,29,998,-1.4425616362725449
data/skew_noise_4_run_20.csv,skew,4.0,20,-1817.380996,-1817.470996,25,993,-1.411892676737161
data/skew_noise_4_run_21.csv,skew,4.0,21,-2047.312722,-2049.562722,22,981,-1.4430934892966338
data/skew_noise_4_run_22.csv,skew,4.0,22,-1298.499633,-1306.909633,31,985,-1.5453565411167522
data/skew_noise_4_run_23.csv,skew,4.0,23,-1668.642656,-1668.802656,17,1024,-1.4305543701171899
data/skew_noise_4_run_24.csv,skew,4.0,24,-712.382937,-719.142937,49,996,-1.4361085933734952
data/skew_noise_4_run_25.csv,skew,4.0,25,-1376.306609,-1376.396609,33,1041,-1.4220502094140242
data/skew_noise_4_run_26.csv,skew,4.0,26,-1255.690891,-1255.700891,22,1031,-1.3884909582929188
data/skew_noise_4_run_27.csv,skew,4.0,27,-1620.901869,-1622.341869,24,996,-1.5630860682730905
data/skew_noise_4_run_28.csv,skew,4.0,28,-1656.999576,-1663.759576,44,1032,-1.4990784447674408
data/skew_noise_4_run_29.csv,skew,4.0,29,-2293.490817,-2293.740817,27,997,-1.4581565095285842
data/skew_noise_4_run_3.csv,skew,4.0,3,-2934.925065,-2942.215065,52,993,-1.4931185679758305
data/skew_noise_4_run_30.csv,skew,4.0,30,-1165.022042,-1171.272042,30,1015,-1.4610252660098497
data/skew_noise_4_run_31.csv,skew,4.0,31,-2130.808265,-2132.498265,27,1015,-1.4687142177339878
data/skew_noise_4_run_32.csv,skew,4.0,32,-1259.321027,-1261.011027,33,1015,-1.6197360532019693
data/skew_noise_4_run_33.csv,skew,4.0,33,-1168.971589,-1172.211589,29,1024,-1.4051173759765623
data/skew_noise_4_run_34.csv,skew,4.0,34,-1183.611932,-1191.451932,37,1024,-1.414238467773437
data/skew_noise_4_run_35.csv,skew,4.0,35,-1503.492409,-1504.132409,34,1036,-1.5907888137065647
data/skew_noise_4_run_36.csv,skew,4.0,36,-946.154096,-946.644096,19,1001,-1.4345648061938072
data/skew_noise_4_run_37.csv,skew,4.0,37,-1821.789404,-1821.789404,16,948,-1.6415305084388159
data/skew_noise_4_run_38.csv,skew,4.0,38,-690.798167,-691.798167,38,994,-1.482145942655936
data/skew_noise_4_run_39.csv,skew,4.0,39,-1720.234527,-1720.724527,16,1021,-1.4624276758080312
data/skew_noise_4_run_4.csv,skew,4.0,4,-1160.796861,-1161.286861,14,1029,-1.2352576365403316
data/skew_noise_4_run_40.csv,skew,4.0,40,-1979.76798,-1981.45798,41,1011,-1.6236744817012885
data/skew_noise_4_run_41.csv,skew,4.0,41,-984.62274,-985.83274,38,1023,-1.3899538748778124
data/skew_noise_4_run_42.csv,skew,4.0,42,-733.98233,-733.99233,28,991,-1.2402277588294657
data/skew_noise_4_run_43.csv,skew,4.0,43,-1937.644751,-1940.204751,22,1006,-1.5351511401590483
data/skew_noise_4_run_44.csv,skew,4.0,44,-3396.944162,-3398.904162,44,990,-1.5586195010100987
data/skew_noise_4_run_45.csv,skew,4.0,45,-929.499641,-931.189641,26,1029,-1.4306203488824085
data/skew_noise_4_run_46.csv,skew,4.0,46,-1378.486418,-1379.696418,20,1013,-1.4032966120434354
data/skew_noise_4_run_47.csv,skew,4.0,47,-1326.747339,-1328.707339,16,1006,-1.5839962554671982
data/skew_noise_4_run_48.csv,skew,4.0,48,-831.83779,-832.32779,25,1003,-1.6799778893320054
data/skew_noise_4_run_49.csv,skew,4.0,49,-1067.837377,-1068.477377,32,1038,-1.5464892061657016
data/skew_noise_4_run_5.csv,skew,4.0,5,-1408.418478,-1409.628478,24,999,-1.3772981101101085
data/skew_noise_4_run_50.csv,skew,4.0,50,-1717.625142,-1718.835142,24,993,-1.413123313192348
data/skew_noise_4_run_6.csv,skew,4.0,6,-1594.985074,-1595.985074,19,1014,-1.3755536173570033
data/skew_noise_4_run_7.csv,skew,4.0,7,-1187.50832,-1188.31832,21,979,-1.3264105117466798
data/skew_noise_4_run_8.csv,skew,4.0,8,-1865.532823,-1869.532823,29,1002,-1.4174751856287435
data/skew_noise_4_run_9.csv,skew,4.0,9,-1472.451628,-1479.211628,35,1010,-1.5795379940594059
data/uncert_noise_0.5_run_1.csv,uncert,0.5,1,385.618187,384.978187,11,362,1.2146729917127064
data/uncert_noise_0.5_run_10.csv,uncert,0.5,10,304.74851,301.50851,20,378,1.139447058201059
data/uncert_noise_0.5_run_11.csv,uncert,0.5,11,525.708258,510.498258,42,367,1.1942419182561301
data/uncert_noise_0.5_run_12.csv,uncert,0.5,12,364.495477,362.535477,30,346,1.2396794595375717
data/uncert_noise_0.5_run_13.csv,uncert,0.5,13,829.060446,828.420446,13,364,1.2045093159340665
data/uncert_noise_0.5_run_14.csv,uncert,0.5,14,-266.640664,-271.480664,29,366,1.191785349726776
data/uncert_noise_0.5_run_15.csv,uncert,0.5,15,1026.069377,1020.779377,26,371,1.2260607115902962
data/uncert_noise_0.5_run_16.csv,uncert,0.5,16,-668.367261,-671.977261,30,351,1.2077633219373216
data/uncert_noise_0.5_run_17.csv,uncert,0.5,17,832.545936,831.335936,16,337,1.1898068813056382
data/uncert_noise_0.5_run_18.csv,uncert,0.5,18,825.655838,823.405838,18,375,1.2184491973333336
data/uncert_noise_0.5_run_19.csv,uncert,0.5,19,67.829096,67.739096,19,373,1.2232673941018775
data/uncert_noise_0.5_run_2.csv,uncert,0.5,2,-202.883392,-215.843392,47,374,1.2143613663101611
data/uncert_noise_0.5_run_20.csv,uncert,0.5,20,1466.275298,1450.275298,43,380,1.232135584210527
data/uncert_noise_0.5_run_21.csv,uncert,0.5,21,634.299632,634.209632,11,351,1.2503801225071227
data/uncert_noise_0.5_run_22.csv,uncert,0.5,22,952.930936,952.930936,22,348,1.2132497787356327
data/uncert_noise_0.5_run_23.csv,uncert,0.5,23,42.560556,42.070556,11,375,1.2370998373333333
data/uncert_noise_0.5_run_24.csv,uncert,0.5,24,286.358304,286.108304,12,403,1.2121872009925563
data/uncert_noise_0.5_run_25.csv,uncert,0.5,25,95.388943,94.178943,21,391,1.2089113785166232
data/uncert_noise_0.5_run_26.csv,uncert,0.5,26,989.251222,984.411222,22,406,1.2120845270935954
data/uncert_noise_0.5_run_27.csv,uncert,0.5,27,1003.101447,999.491447,30,381,1.1488743622047244
data/uncert_noise_0.5_run_28.csv,uncert,0.5,28,159.539651,159.289651,14,355,1.2305942676056334
data/uncert_noise_0.5_run_29.csv,uncert,0.5,29,668.115081,664.875081,18,346,1.2388990722543338
data/uncert_noise_0.5_run_3.csv,uncert,0.5,3,-742.290002,-759.100002,50,375,1.2001392746666657
data/uncert_noise_0.5_run_30.csv,uncert,0.5,30,665.792599,664.352599,13,368,1.2229508125000002
data/uncert_noise_0.5_run_31.csv,uncert,0.5,31,572.207663,570.767663,17,374,1.2019639919786091
data/uncert_noise_0.5_run_32.csv,uncert,0.5,32,538.190259,538.180259,14,381,1.1487793385826783
data/uncert_noise_0.5_run_33.csv,uncert,0.5,33,1463.848378,1463.808378,29,402,1.1955266019900497
data/uncert_noise_0.5_run_34.csv,uncert,0.5,34,454.959053,454.799053,11,406,1.1817953965517238
data/uncert_noise_0.5_run_35.csv,uncert,0.5,35,498.459587,497.819587,20,382,1.181366688481675
data/uncert_noise_0.5_run_36.csv,uncert,0.5,36,1522.590614,1519.350614,32,380,1.200851657894737
data/uncert_noise_0.5_run_37.csv,uncert,0.5,37,542.990179,542.740179,14,337,1.1993836913946592
data/uncert_noise_0.5_run_38.csv,uncert,0.5,38,-577.520871,-584.810871,31,373,1.198879857908847
data/uncert_noise_0.5_run_39.csv,uncert,0.5,39,360.92143,358.03143,18,379,1.233303221635885
data/uncert_noise_0.5_run_4.csv,uncert,0.5,4,373.582306,367.822306,25,394,1.2546876649746188
data/uncert_noise_0.5_run_40.csv,uncert,0.5,40,226.08693,221.67693,29,341,1.1730497829912017
data/uncert_noise_0.5_run_41.csv,uncert,0.5,41,612.062513,611.702513,27,382,1.2426188298429328
data/uncert_noise_0.5_run_42.csv,uncert,0.5,42,440.892803,440.732803,8,384,1.2420538229166664
data/uncert_noise_0.5_run_43.csv,uncert,0.5,43,319.470065,316.230065,18,354,1.2267014632768376
data/uncert_noise_0.5_run_44.csv,uncert,0.5,44,520.85363,520.81363,15,364,1.1701406346153849
data/uncert_noise_0.5_run_45.csv,uncert,0.5,45,484.708023,484.218023,18,369,1.2422453414634145
data/uncert_noise_0.5_run_46.csv,uncert,0.5,46,773.425515,754.065515,49,382,1.2203247225130889
data/uncert_noise_0.5_run_47.csv,uncert,0.5,47,643.192323,642.382323,21,369,1.193604588075881
data/uncert_noise_0.5_run_48.csv,uncert,0.5,48,1331.898659,1329.648659,23,371,1.1774544663072761
data/uncert_noise_0.5_run_49.csv,uncert,0.5,49,996.897353,992.897353,24,368,1.2193840978260868
data/uncert_noise_0.5_run_5.csv,uncert,0.5,5,416.307145,416.307145,12,370,1.226489718918919
data/uncert_noise_0.5_run_50.csv,uncert,0.5,50,662.969217,660.409217,21,384,1.2012709973958329
data/uncert_noise_0.5_run_6.csv,uncert,0.5,6,69.411557,68.921557,10,363,1.255968402203857
data/uncert_noise_0.5_run_7.csv,uncert,0.5,7,437.044373,436.554373,16,393,1.2329175470737912
data/uncert_noise_0.5_run_8.csv,uncert,0.5,8,-85.259121,-90.099121,29,384,1.2012944687499998
data/uncert_noise_0.5_run_9.csv,uncert,0.5,9,670.17451,663.92451,33,363,1.2027360661157032
data/uncert_noise_1_run_1.csv,uncert,1.0,1,638.571344,634.961344,22,455,1.0648710945054942
data/uncert_noise_1_run_10.csv,uncert,1.0,10,160.357782,156.747782,22,491,0.9081558839103858
data/uncert_noise_1_run_11.csv,uncert,1.0,11,416.640229,394.550229,52,451,1.065274053215077
data/uncert_noise_1_run_12.csv,uncert,1.0,12,584.885957,582.925957,29,450,1.0446893266666657
data/uncert_noise_1_run_13.csv,uncert,1.0,13,878.270544,874.660544,19,455,1.0470163186813184
data/uncert_noise_1_run_14.csv,uncert,1.0,14,-67.285601,-69.845601,30,470,1.0017225382978718
data/uncert_noise_1_run_15.csv,uncert,1.0,15,1413.281483,1407.031483,29,465,1.0905027354838719
data/uncert_noise_1_run_16.csv,uncert,1.0,16,-142.444893,-143.084893,24,452,1.020952221238937
data/uncert_noise_1_run_17.csv,uncert,1.0,17,864.287761,864.037761,17,443,0.9626046862302472
data/uncert_noise_1_run_18.csv,uncert,1.0,18,917.581433,916.771433,17,481,1.0441284573804577
data/uncert_noise_1_run_19.csv,uncert,1.0,19,340.708792,340.618792,18,469,1.0804075138592755
data/uncert_noise_1_run_2.csv,uncert,1.0,2,-19.303498,-25.063498,37,470,1.067482487234043
data/uncert_noise_1_run_20.csv,uncert,1.0,20,604.388967,601.148967,25,484,1.0733797210743812
data/uncert_noise_1_run_21.csv,uncert,1.0,21,536.586402,536.496402,11,453,1.087312894039735
data/uncert_noise_1_run_22.csv,uncert,1.0,22,847.088838,846.598838,17,447,1.0327844787472036
data/uncert_noise_1_run_23.csv,uncert,1.0,23,-108.355796,-108.845796,15,485,1.0597709773195876
data/uncert_noise_1_run_24.csv,uncert,1.0,24,255.707044,255.457044,13,513,1.034357159844055
data/uncert_noise_1_run_25.csv,uncert,1.0,25,422.850315,422.850315,12,480,1.0907340583333327
data/uncert_noise_1_run_26.csv,uncert,1.0,26,1428.520636,1421.230636,32,497,1.098724760563381
data/uncert_noise_1_run_27.csv,uncert,1.0,27,1127.634698,1125.384698,30,457,1.0166233216630205
data/uncert_noise_1_run_28.csv,uncert,1.0,28,136.687332,131.397332,24,459,1.0515064575163395
data/uncert_noise_1_run_29.csv,uncert,1.0,29,645.085952,643.395952,20,435,1.0950257287356326
data/uncert_noise_1_run_3.csv,uncert,1.0,3,-1250.604007,-1269.094007,60,473,1.0435372029598313
data/uncert_noise_1_run_30.csv,uncert,1.0,30,342.381376,342.021376,27,464,1.0814874288793104
data/uncert_noise_1_run_31.csv,uncert,1.0,31,748.786675,748.746675,23,470,1.0403557702127673
data/uncert_noise_1_run_32.csv,uncert,1.0,32,572.308093,572.268093,15,476,0.9624770441176479
data/uncert_noise_1_run_33.csv,uncert,1.0,33,1911.681611,1911.431611,26,501,1.0419266506986031
data/uncert_noise_1_run_34.csv,uncert,1.0,34,631.524502,631.364502,15,496,1.0592892197580648
data/uncert_noise_1_run_35.csv,uncert,1.0,35,703.893656,703.403656,19,487,0.9978756632443524
data/uncert_noise_1_run_36.csv,uncert,1.0,36,1487.703729,1486.703729,25,474,1.048581147679325
data/uncert_noise_1_run_37.csv,uncert,1.0,37,84.653654,80.243654,27,441,0.9863754217687074
data/uncert_noise_1_run_38.csv,uncert,1.0,38,-245.990389,-249.230389,31,476,1.0225976953781515
data/uncert_noise_1_run_39.csv,uncert,1.0,39,315.132083,309.842083,24,477,1.0873288406708599
data/uncert_noise_1_run_4.csv,uncert,1.0,4,501.752279,496.462279,25,489,1.1609415725971375
data/uncert_noise_1_run_40.csv,uncert,1.0,40,84.304115,72.744115,40,446,0.957598448430494
data/uncert_noise_1_run_41.csv,uncert,1.0,41,701.281698,698.721698,33,470,1.1402246191489365
data/uncert_noise_1_run_42.csv,uncert,1.0,42,830.964593,830.604593,12,474,1.1337701350210982
data/uncert_noise_1_run_43.csv,uncert,1.0,43,515.154189,507.314189,28,464,1.025542183189655
data/uncert_noise_1_run_44.csv,uncert,1.0,44,-609.085878,-612.325878,18,458,0.9986178144104813
data/uncert_noise_1_run_45.csv,uncert,1.0,45,735.633112,735.543112,13,477,1.0691321551362687
data/uncert_noise_1_run_46.csv,uncert,1.0,46,789.079853,755.439853,60,478,1.0838328242677828
data/uncert_noise_1_run_47.csv,uncert,1.0,47,693.550916,692.340916,22,479,0.9955616388308977
data/uncert_noise_1_run_48.csv,uncert,1.0,48,2031.492161,2025.732161,31,484,0.9512730867768592
data/uncert_noise_1_run_49.csv,uncert,1.0,49,944.788769,936.378769,29,473,1.0434281205073992
data/uncert_noise_1_run_5.csv,uncert,1.0,5,375.154372,374.904372,15,463,1.0853242246220294
data/uncert_noise_1_run_50.csv,uncert,1.0,50,806.12351,797.71351,30,461,1.1097018329718011
data/uncert_noise_1_run_6.csv,uncert,1.0,6,452.930657,449.690657,18,460,1.1192113369565206
data/uncert_noise_1_run_7.csv,uncert,1.0,7,414.272769,409.432769,28,488,1.1162885143442625
data/uncert_noise_1_run_8.csv,uncert,1.0,8,148.844047,143.084047,32,482,1.0465754149377582
data/uncert_noise_1_run_9.csv,uncert,1.0,9,941.477873,923.837873,47,472,0.9983741991525423
data/uncert_noise_2_run_1.csv,uncert,2.0,1,467.843361,467.353361,14,607,0.7324188995057664
data/uncert_noise_2_run_10.csv,uncert,2.0,10,196.326362,193.436362,23,617,0.5480018752025932
data/uncert_noise_2_run_11.csv,uncert,2.0,11,507.825059,484.785059,51,586,0.7625767133105804
data/uncert_noise_2_run_12.csv,uncert,2.0,12,608.830077,608.580077,24,583,0.74428761406518
data/uncert_noise_2_run_13.csv,uncert,2.0,13,795.850734,795.360734,18,603,0.7152788126036482
data/uncert_noise_2_run_14.csv,uncert,2.0,14,122.691618,122.681618,16,617,0.659449361426256
data/uncert_noise_2_run_15.csv,uncert,2.0,15,1149.436728,1144.146728,27,635,0.7505287480314959
data/uncert_noise_2_run_16.csv,uncert,2.0,16,-388.634614,-389.274614,23,614,0.6487337785016284
data/uncert_noise_2_run_17.csv,uncert,2.0,17,212.836075,210.876075,21,582,0.607055735395189
data/uncert_noise_2_run_18.csv,uncert,2.0,18,903.677194,903.037194,29,640,0.6955454640624995
data/uncert_noise_2_run_19.csv,uncert,2.0,19,409.957337,409.917337,24,628,0.7498178885350318
data/uncert_noise_2_run_2.csv,uncert,2.0,2,195.353892,191.353892,32,618,0.7583300339805819
data/uncert_noise_2_run_20.csv,uncert,2.0,20,1268.528605,1258.288605,42,630,0.7826711999999999
data/uncert_noise_2_run_21.csv,uncert,2.0,21,173.377609,172.567609,14,601,0.775562565723793
data/uncert_noise_2_run_22.csv,uncert,2.0,22,865.044934,865.034934,23,599,0.6950198330550921
data/uncert_noise_2_run_23.csv,uncert,2.0,23,181.47542,181.46542,15,623,0.7741334478330658
data/uncert_noise_2_run_24.csv,uncert,2.0,24,586.100888,585.460888,26,648,0.7615072993827158
data/uncert_noise_2_run_25.csv,uncert,2.0,25,631.41434,631.05434,17,632,0.7928505348101266
data/uncert_noise_2_run_26.csv,uncert,2.0,26,1051.210037,1049.250037,23,650,0.8130733169230767
data/uncert_noise_2_run_27.csv,uncert,2.0,27,617.013831,616.653831,12,608,0.6715838174342109
data/uncert_noise_2_run_28.csv,uncert,2.0,28,-206.300588,-231.300588,52,618,0.7073998915857611
data/uncert_noise_2_run_29.csv,uncert,2.0,29,203.508358,203.468358,18,600,0.7386188316666664
data/uncert_noise_2_run_3.csv,uncert,2.0,3,-919.529025,-937.169025,57,624,0.7229465833333341
data/uncert_noise_2_run_30.csv,uncert,2.0,30,552.406845,552.246845,20,620,0.7466526532258072
data/uncert_noise_2_run_31.csv,uncert,2.0,31,254.946894,254.786894,12,604,0.7526391771523171
data/uncert_noise_2_run_32.csv,uncert,2.0,32,660.459888,660.299888,20,620,0.6090862548387089
data/uncert_noise_2_run_33.csv,uncert,2.0,33,1774.730127,1772.770127,27,624,0.7910493798076923
data/uncert_noise_2_run_34.csv,uncert,2.0,34,622.891015,618.891015,27,656,0.7467505884146346
data/uncert_noise_2_run_35.csv,uncert,2.0,35,841.169271,839.479271,28,641,0.6425603650546026
data/uncert_noise_2_run_36.csv,uncert,2.0,36,1316.007051,1310.717051,33,605,0.7571993239669415
data/uncert_noise_2_run_37.csv,uncert,2.0,37,-120.486709,-120.846709,26,586,0.6182857679180883
data/uncert_noise_2_run_38.csv,uncert,2.0,38,-353.266308,-357.266308,42,606,0.7183101864686479
data/uncert_noise_2_run_39.csv,uncert,2.0,39,47.926964,37.036964,35,629,0.774707160572337
data/uncert_noise_2_run_4.csv,uncert,2.0,4,493.100229,492.740229,20,634,0.92168531072555
data/uncert_noise_2_run_40.csv,uncert,2.0,40,-135.81399,-146.70399,47,587,0.5859618620102214
data/uncert_noise_2_run_41.csv,uncert,2.0,41,674.60871,668.84871,41,634,0.8232869684542586
data/uncert_noise_2_run_42.csv,uncert,2.0,42,1589.391659,1583.631659,28,604,0.9065278360927147
data/uncert_noise_2_run_43.csv,uncert,2.0,43,685.173475,676.173475,30,612,0.6803104869281045
data/uncert_noise_2_run_44.csv,uncert,2.0,44,-1113.312873,-1118.602873,23,597,0.6578048408710215
data/uncert_noise_2_run_45.csv,uncert,2.0,45,553.965617,552.965617,22,618,0.7721368236245949
data/uncert_noise_2_run_46.csv,uncert,2.0,46,752.542429,711.582429,68,624,0.7972978365384614
data/uncert_noise_2_run_47.csv,uncert,2.0,47,594.027048,591.467048,16,622,0.663385794212219
data/uncert_noise_2_run_48.csv,uncert,2.0,48,2014.634485,2007.344485,33,629,0.5935189825119247
data/uncert_noise_2_run_49.csv,uncert,2.0,49,869.671167,865.671167,26,642,0.6856153862928345
data/uncert_noise_2_run_5.csv,uncert,2.0,5,411.416554,404.656554,34,598,0.8078453779264214
data/uncert_noise_2_run_50.csv,uncert,2.0,50,493.956172,491.396172,26,616,0.8060735730519479
data/uncert_noise_2_run_6.csv,uncert,2.0,6,735.111505,731.871505,19,616,0.8100051672077924
data/uncert_noise_2_run_7.csv,uncert,2.0,7,532.706791,527.866791,28,618,0.8777593106796114
data/uncert_noise_2_run_8.csv,uncert,2.0,8,579.114658,579.104658,21,609,0.7799155582922824
data/uncert_noise_2_run_9.csv,uncert,2.0,9,708.256846,700.416846,34,620,0.6481556290322589
data/uncert_noise_4_run_1.csv,uncert,4.0,1,263.856536,260.246536,27,733,0.29965055934515744
data/uncert_noise_4_run_10.csv,uncert,4.0,10,447.551022,447.511022,30,728,0.010891642857142926
data/uncert_noise_4_run_11.csv,uncert,4.0,11,400.938626,387.248626,38,685,0.37605441605839435
data/uncert_noise_4_run_12.csv,uncert,4.0,12,274.986545,273.986545,27,720,0.3114107041666671
data/uncert_noise_4_run_13.csv,uncert,4.0,13,844.416575,844.056575,22,678,0.3267094542772863
data/uncert_noise_4_run_14.csv,uncert,4.0,14,-170.406843,-170.446843,22,732,0.19360405464480873
data/uncert_noise_4_run_15.csv,uncert,4.0,15,680.29814,676.68814,25,749,0.3518460413885182
data/uncert_noise_4_run_16.csv,uncert,4.0,16,-830.183103,-835.943103,39,712,0.19325860393258426
data/uncert_noise_4_run_17.csv,uncert,4.0,17,246.300667,245.810667,17,689,0.10469461393323656
data/uncert_noise_4_run_18.csv,uncert,4.0,18,570.361469,570.271469,22,759,0.24855120685111973
data/uncert_noise_4_run_19.csv,uncert,4.0,19,161.130011,159.440011,28,745,0.3415851516778524
data/uncert_noise_4_run_2.csv,uncert,4.0,2,503.056449,502.696449,31,730,0.36611149726027375
data/uncert_noise_4_run_20.csv,uncert,4.0,20,454.154622,448.394622,33,722,0.4314571371191134
data/uncert_noise_4_run_21.csv,uncert,4.0,21,140.227578,140.137578,13,713,0.39065849509116357
data/uncert_noise_4_run_22.csv,uncert,4.0,22,473.210788,469.210788,23,718,0.2368530640668522
data/uncert_noise_4_run_23.csv,uncert,4.0,23,-358.236587,-358.486587,21,729,0.3977496241426608
data/uncert_noise_4_run_24.csv,uncert,4.0,24,420.059775,419.249775,29,745,0.39583332080536876
data/uncert_noise_4_run_25.csv,uncert,4.0,25,487.587815,487.497815,21,747,0.4142010977242307
data/uncert_noise_4_run_26.csv,uncert,4.0,26,575.147141,574.147141,18,762,0.45893424934383215
data/uncert_noise_4_run_27.csv,uncert,4.0,27,414.40959,412.96959,19,718,0.2146165988857941
data/uncert_noise_4_run_28.csv,uncert,4.0,28,-256.660312,-272.660312,43,726,0.2846797314049587
data/uncert_noise_4_run_29.csv,uncert,4.0,29,-830.568713,-832.258713,36,707,0.3354732446958982
data/uncert_noise_4_run_3.csv,uncert,4.0,3,-1500.99892,-1529.08892,70,731,0.31246285088919307
data/uncert_noise_4_run_30.csv,uncert,4.0,30,614.219483,612.529483,21,721,0.36159767961165074
data/uncert_noise_4_run_31.csv,uncert,4.0,31,-89.889636,-90.379636,20,725,0.35343133517241354
data/uncert_noise_4_run_32.csv,uncert,4.0,32,404.238766,404.228766,17,727,0.11245218707015153
data/uncert_noise_4_run_33.csv,uncert,4.0,33,1764.961272,1764.711272,28,733,0.4282931541609817
data/uncert_noise_4_run_34.csv,uncert,4.0,34,335.915244,317.425244,45,745,0.3826199785234905
data/uncert_noise_4_run_35.csv,uncert,4.0,35,506.103486,505.463486,26,748,0.1759054184491979
data/uncert_noise_4_run_36.csv,uncert,4.0,36,947.83255,946.83255,22,706,0.3699033371104821
data/uncert_noise_4_run_37.csv,uncert,4.0,37,-398.424444,-398.674444,24,695,0.11551150503597118
data/uncert_noise_4_run_38.csv,uncert,4.0,38,-683.921714,-689.681714,49,712,0.29912514466292184
data/uncert_noise_4_run_39.csv,uncert,4.0,39,-100.669056,-108.509056,31,750,0.37973569733333284
data/uncert_noise_4_run_4.csv,uncert,4.0,4,486.687448,483.077448,22,737,0.6618645617367701
data/uncert_noise_4_run_40.csv,uncert,4.0,40,-349.210422,-361.460422,44,699,0.07130526752503574
data/uncert_noise_4_run_41.csv,uncert,4.0,41,579.525412,576.635412,31,751,0.471405573901465
data/uncert_noise_4_run_42.csv,uncert,4.0,42,1482.501257,1477.211257,34,707,0.6328357906647809
data/uncert_noise_4_run_43.csv,uncert,4.0,43,384.491155,374.251155,32,716,0.24165685474860327
data/uncert_noise_4_run_44.csv,uncert,4.0,44,-832.189734,-834.149734,27,712,0.18537523595505592
data/uncert_noise_4_run_45.csv,uncert,4.0,45,412.162736,411.672736,17,727,0.39095979092159555
data/uncert_noise_4_run_46.csv,uncert,4.0,46,551.159673,533.519673,49,734,0.42952001362397807
data/uncert_noise_4_run_47.csv,uncert,4.0,47,423.350416,418.940416,23,739,0.20229937753721258
data/uncert_noise_4_run_48.csv,uncert,4.0,48,652.918664,652.558664,19,744,0.07976911962365583
data/uncert_noise_4_run_49.csv,uncert,4.0,49,582.948933,581.258933,24,759,0.23865085638998648
data/uncert_noise_4_run_5.csv,uncert,4.0,5,241.267195,231.657195,38,707,0.4453556760961808
data/uncert_noise_4_run_50.csv,uncert,4.0,50,384.582619,376.742619,28,740,0.42746307972972936
data/uncert_noise_4_run_6.csv,uncert,4.0,6,362.9264,358.9264,21,724,0.4580164323204425
data/uncert_noise_4_run_7.csv,uncert,4.0,7,424.588774,413.698774,40,741,0.5539086288798916
data/uncert_noise_4_run_8.csv,uncert,4.0,8,-115.771253,-124.181253,33,717,0.3991003096234309
data/uncert_noise_4_run_9.csv,uncert,4.0,9,555.7936,546.7936,37,724,0.18227466298342526
